,City,Country,Date,Latitude,Longitude,Cloudiness,Humidity,Max Temp,Wind Speed
0,Mar del Plata,AR,1547417427,-46.43,-67.52,0,24,79.62,5.97
1,Atuona,PF,1547417718,-9.8,-139.03,24,100,81.1,17.05
2,Leningradskiy,RU,1547417736,69.38,178.42,24,100,-17.32,8.43
3,Bredasdorp,ZA,1547416800,-34.53,20.04,32,72,68.0,2.24
4,Port Alfred,ZA,1547417422,-33.59,26.89,24,89,68.64,7.31
5,Cape Town,ZA,1547416800,-33.93,18.42,20,82,60.8,3.36
6,Dingle,PH,1547417731,11.0,122.67,48,84,75.07,14.25
7,Ushuaia,AR,1547416800,-54.81,-68.31,75,61,57.2,32.21
8,Busselton,AU,1547417721,-33.64,115.35,0,100,59.55,18.05
9,Narsaq,GL,1547416200,60.91,-46.05,8,58,26.6,6.93
10,Rikitea,PF,1547417696,-23.12,-134.97,76,99,79.62,11.56
11,Ribeira Grande,PT,1547413200,38.52,-28.7,75,72,60.8,9.17
12,Kaitangata,NZ,1547417728,-46.28,169.85,56,84,55.54,14.7
13,Bethel,US,1547417340,60.79,-161.76,90,93,37.4,12.75
14,Kodiak,US,1547416500,39.95,-94.76,1,58,30.92,3.36
15,Khatanga,RU,1547417440,71.98,102.47,32,70,-36.08,5.41
16,Adrar,DZ,1547413200,27.87,-0.29,0,36,46.4,13.87
17,Puerto Ayora,EC,1547413200,-0.74,-90.35,75,78,78.8,16.11
18,Abu Dhabi,AE,1547416800,24.47,54.37,56,82,64.4,1.12
19,Yellowknife,CA,1547413200,62.45,-114.38,40,67,-23.81,3.51
20,Norman Wells,CA,1547413200,65.28,-126.83,75,68,-14.81,12.75
21,Qaanaaq,GL,1547417416,77.48,-69.36,0,100,-25.55,9.78
22,Brae,GB,1547416200,60.4,-1.35,36,100,35.6,25.28
23,Albany,US,1547416740,42.65,-73.75,20,50,21.2,9.17
24,Nanortalik,GL,1547417549,60.14,-45.24,64,100,26.07,14.81
25,Tiksi,RU,1547417712,71.64,128.87,0,0,-38.11,2.17
26,Cidreira,BR,1547417728,-30.17,-50.22,48,81,82.59,11.01
27,Ishigaki,JP,1547416800,24.34,124.16,75,72,66.2,13.87
28,Buraydah,SA,1547416800,26.33,43.97,40,63,62.6,3.36
29,Caravelas,BR,1547417797,-17.73,-39.27,0,100,80.2,13.02
30,Eureka,US,1547415300,40.8,-124.16,1,100,60.8,9.17
31,Aden,YE,1547417559,12.79,45.03,0,100,76.65,11.56
32,Ponta do Sol,BR,1547417715,-20.63,-46.0,20,70,81.64,2.62
33,Foix,FR,1547415000,42.97,1.61,90,87,50.0,16.11
34,Punta Arenas,CL,1547413200,-53.16,-70.91,40,54,55.4,26.4
35,Carnarvon,ZA,1547417514,-30.97,22.13,0,38,64.5,8.77
36,Amapa,HN,1547416800,15.09,-87.97,40,69,80.6,18.34
37,Ferkessedougou,CI,1547417798,9.6,-5.2,0,38,75.12,5.53
38,Hobart,AU,1547415000,-42.88,147.33,0,55,66.2,5.82
39,Cayenne,GF,1547415000,4.94,-52.33,0,74,80.6,8.05
40,Kingisepp,RU,1547417799,59.38,28.61,80,92,26.92,6.87
41,Kourou,GF,1547415000,5.16,-52.64,0,74,80.6,8.05
42,Bambous Virieux,MU,1547416800,-20.34,57.76,40,78,78.8,11.41
43,Fairbanks,US,1547416680,64.84,-147.72,1,77,-11.93,2.95
44,Dikson,RU,1547417753,73.51,80.55,80,99,1.72,30.24
45,Lebu,ET,1547417721,8.96,38.73,0,54,36.64,4.18
46,Swellendam,ZA,1547416800,-34.02,20.44,0,72,68.0,2.24
47,Apatou,SR,1547417800,5.16,-54.34,88,83,77.95,2.84
48,Grand Gaube,MU,1547416800,-20.01,57.66,40,78,78.8,11.41
49,Arraial do Cabo,BR,1547413200,-22.97,-42.02,0,65,82.4,19.46
50,Bluff,AU,1547417707,-23.58,149.07,0,69,72.15,10.56
51,Auki,NG,1547417703,12.18,6.51,0,27,68.86,8.99
52,Nikolskoye,RU,1547415000,59.7,30.79,75,92,26.6,6.71
53,Upernavik,GL,1547417700,72.79,-56.15,44,100,-11.42,7.43
54,Koutsouras,GR,1547417801,35.03,25.95,32,100,55.36,12.8
55,Abha,SA,1547416800,18.22,42.5,0,44,59.0,6.93
56,Juba,EE,1547416200,57.82,26.93,90,100,30.2,5.82
57,Cockburn Town,TC,1547417423,21.46,-71.14,8,98,79.17,16.26
58,Alexandria,US,1547416440,31.31,-92.44,90,65,49.64,5.82
59,Constantine,DZ,1547415000,36.36,6.61,20,86,37.4,8.05
60,Tasiilaq,GL,1547416200,65.61,-37.64,80,85,17.6,2.24
61,Hithadhoo,MV,1547417720,-0.6,73.08,92,100,82.36,6.76
62,Katobu,ID,1547417803,-4.94,122.53,80,100,79.17,6.2
63,Kahului,US,1547416560,20.89,-156.47,40,47,82.94,6.93
64,Saint-Philippe,CA,1547416500,45.36,-73.48,1,78,12.2,2.95
65,Darhan,MN,1547417803,49.49,105.92,48,66,-10.61,2.95
66,Jamestown,AU,1547417592,-33.21,138.6,0,79,62.02,2.95
67,Cabo San Lucas,MX,1547416020,22.89,-109.91,5,57,78.8,5.82
68,Fillan,NO,1547416200,63.6,8.98,75,100,32.0,32.21
69,Mount Gambier,AU,1547413200,-37.83,140.78,0,93,59.0,1.12
70,Mataura,NZ,1547417432,-46.19,168.86,92,88,55.27,10.22
71,Taoudenni,ML,1547417782,22.68,-3.98,0,29,50.59,11.01
72,Komsomolskiy,RU,1547417763,67.55,63.78,88,79,3.7,12.8
73,Skibbereen,IE,1547416800,51.55,-9.27,75,70,46.4,17.22
74,Vaini,IN,1547417422,15.34,74.49,0,79,58.78,2.62
75,Barrow,AR,1547417714,-38.31,-60.23,88,92,69.72,11.68
76,Isiolo,KE,1547417804,0.35,37.58,32,82,65.94,2.62
77,Price,US,1547416380,39.6,-110.81,1,44,39.92,12.75
78,Hilo,US,1547416380,19.71,-155.08,90,55,78.08,10.29
79,Kaeo,NZ,1547417805,-35.1,173.78,12,69,71.2,14.36
80,Dunedin,NZ,1547417718,-45.87,170.5,0,85,53.34,14.58
81,Kamenka,RU,1547417805,53.19,44.05,88,86,17.38,8.66
82,Talara,PE,1547416800,-4.58,-81.27,0,290,62.6,17.22
83,Codrington,AU,1547413200,-28.95,153.24,40,78,75.2,3.51
84,Katsuura,JP,1547416800,33.93,134.5,20,100,35.6,9.17
85,Mount Isa,AU,1547415000,-20.73,139.49,0,25,86.0,6.93
86,Jaisalmer,IN,1547417646,26.91,70.91,0,95,51.31,9.44
87,Tambacounda,SN,1547413200,13.77,-13.67,0,23,82.4,4.7
88,Muyezerskiy,RU,1547417806,63.93,31.65,36,84,13.24,4.18
89,Kavaratti,IN,1547417568,10.57,72.64,0,100,81.64,13.02
90,Obernai,FR,1547415000,48.46,7.48,90,87,50.0,17.22
91,Niteroi,BR,1547416800,-29.95,-51.16,40,62,87.8,8.05
92,Acari,BR,1547417807,-6.44,-36.64,68,82,74.49,2.73
93,Kapaa,US,1547412960,22.08,-159.32,75,62,78.98,11.41
94,Grindavik,IS,1547416800,63.84,-22.43,75,86,26.6,6.93
95,Lorengau,PG,1547417769,-2.02,147.27,88,96,84.16,16.04
96,Vaitape,PF,1547417808,-16.52,-151.75,80,100,82.32,16.93
97,Hermanus,ZA,1547417702,-34.42,19.24,12,95,57.3,3.29
98,Lompoc,US,1547416560,34.64,-120.46,40,77,60.08,9.17
99,Fare,PF,1547417808,-16.7,-151.02,88,100,82.72,15.48
100,Bahia Blanca,AR,1547417809,-38.72,-62.27,24,74,73.81,20.29
101,Saint George,GR,1547416200,39.45,22.34,0,74,33.8,9.17
102,Corner Brook,CA,1547413200,48.95,-57.95,75,79,21.2,10.29
103,Victoria,BN,1547415000,5.28,115.24,75,88,78.8,3.36
104,Aklavik,CA,1547413200,68.22,-135.01,40,67,-22.01,10.29
105,Amazar,RU,1547417809,53.86,120.88,48,62,-15.02,2.73
106,Muravlenko,RU,1547417809,63.79,74.5,80,84,18.19,17.94
107,Vangaindrano,MG,1547417810,-23.35,47.6,88,99,72.6,2.06
108,Takoradi,GH,1547417810,4.89,-1.75,20,100,82.95,8.66
109,Mapimi,MX,1547417040,25.82,-103.85,5,31,75.2,5.82
110,Port Elizabeth,US,1547416560,39.31,-74.98,90,78,32.0,13.87
111,Mwene-Ditu,CD,1547417810,-7.01,23.45,68,98,68.1,3.29
112,Avarua,CK,1547416800,-21.21,-159.78,75,70,84.2,8.05
113,Castro,CL,1547413200,-42.48,-73.76,0,52,64.4,8.05
114,Ca Mau,VN,1547417811,9.18,105.15,0,95,75.61,8.99
115,Poladpur,IN,1547417811,17.98,73.47,0,90,61.89,2.95
116,Alice Springs,AU,1547415000,-23.7,133.88,8,26,82.4,3.36
117,Kostomuksha,RU,1547417811,64.59,30.6,64,83,13.47,3.74
118,Coos Bay,US,1547416560,43.37,-124.22,1,66,57.92,5.82
119,Saskylakh,RU,1547417727,71.97,114.09,0,0,-57.68,7.2
120,Makakilo City,US,1547416620,21.35,-158.09,20,56,82.04,9.17
121,Sitka,US,1547417744,37.17,-99.65,32,88,35.47,4.63
122,Nemuro,JP,1547417729,43.32,145.57,8,100,26.52,11.79
123,Shellbrook,CA,1547413200,53.22,-106.39,90,92,23.0,3.62
124,Hami,CN,1547417715,42.84,93.51,36,63,8.11,7.99
125,Alta Floresta,BR,1547417761,-9.87,-56.08,32,68,83.4,2.17
126,Tarpa,HU,1547415000,48.1,22.53,92,96,32.0,9.17
127,Torbay,CA,1547413200,47.66,-52.73,90,73,26.6,19.46
128,Chifeng,CN,1547417813,42.27,118.96,12,71,4.87,5.64
129,Luganville,VU,1547417813,-15.51,167.18,12,100,81.6,4.41
130,Hasaki,JP,1547416800,35.73,140.83,20,86,30.2,5.82
131,Opuwo,NA,1547417814,-18.06,13.84,8,30,64.99,4.74
132,Khandbari,NP,1547417814,27.38,87.21,24,56,19.05,1.5
133,Mahebourg,MU,1547416800,-20.41,57.7,40,78,78.8,11.41
134,Cascais,PT,1547415000,38.7,-9.42,0,71,50.0,6.93
135,Jumla,NP,1547417814,29.28,82.18,8,89,11.53,2.62
136,Palmer,US,1547416680,61.6,-149.11,90,64,24.98,20.8
137,Muros,ES,1547415000,42.77,-9.06,40,87,44.6,8.05
138,Souillac,FR,1547415000,45.6,-0.6,90,93,50.0,11.41
139,Georgetown,GY,1547413200,6.8,-58.16,20,62,84.2,16.11
140,Lichinga,MZ,1547413200,-13.3,35.25,75,94,68.0,6.93
141,Huanan,CN,1547417815,46.24,130.56,68,77,6.9,2.95
142,Oeiras do Para,BR,1547417815,-2.0,-49.85,64,82,82.0,6.53
143,Te Horo,NZ,1547416800,-40.81,175.12,44,77,60.8,19.46
144,Upata,VE,1547417592,8.02,-62.41,0,41,85.65,9.78
145,Athabasca,CA,1547417737,54.72,-113.29,80,95,28.54,4.18
146,Kudligi,IN,1547417816,14.91,76.38,0,76,60.13,5.41
147,Reconquista,AR,1547417816,-29.14,-59.64,56,100,74.89,5.19
148,Vryburg,ZA,1547417816,-26.96,24.73,0,20,73.99,10.89
149,Les Cayes,HT,1547417745,18.19,-73.75,20,97,80.11,7.2
150,Vao,EE,1547417817,59.1,26.19,92,98,27.01,8.77
151,Tautira,PF,1547417738,-17.73,-149.15,92,93,85.15,15.82
152,Rio Grande,BR,1547412300,-32.03,-52.1,20,83,80.6,4.7
153,Namibe,AO,1547417709,-15.19,12.15,0,100,72.87,9.89
154,Simbahan,PH,1547417817,6.3,120.58,56,98,82.72,17.05
155,Lerwick,GB,1547416200,60.15,-1.15,32,64,35.6,23.04
156,Tucuman,PE,1547417818,-17.17,-70.89,76,74,66.39,4.07
157,Bakchar,RU,1547417786,57.02,82.07,56,80,8.79,9.1
158,Lagoa,PT,1547415000,37.14,-8.45,0,76,48.2,6.93
159,Fortuna,ES,1547415000,38.18,-1.13,0,81,42.8,2.24
160,Quelimane,MZ,1547413200,-17.88,36.89,75,88,78.8,6.93
161,Chuy,UY,1547417501,-33.69,-53.46,92,100,71.29,13.24
162,Esperance,TT,1547413200,10.24,-61.45,20,61,82.4,11.41
163,East London,ZA,1547417706,-33.02,27.91,0,100,72.15,9.22
164,Saint Pete Beach,US,1547416500,27.73,-82.74,75,87,75.2,9.17
165,Jiangyin,CN,1547417819,31.91,120.26,20,76,25.17,4.63
166,Kifri,IQ,1547417819,34.69,44.96,92,95,53.38,19.51
167,Wakkanai,JP,1547417819,45.41,141.67,68,100,28.99,4.29
168,Paamiut,GL,1547417747,61.99,-49.67,24,94,31.06,8.66
169,Aksu,KZ,1547416800,52.04,76.93,0,91,-0.41,11.18
170,Santa Cruz,US,1547416800,36.97,-122.03,1,57,62.6,6.93
171,Thompson,CA,1547413200,55.74,-97.86,20,72,15.8,10.29
172,Buchanan,LR,1547415000,5.88,-10.05,20,88,77.0,8.66
173,Vanavara,RU,1547417822,60.35,102.28,48,61,-21.37,5.97
174,Rokupr,SL,1547417823,9.01,-12.95,8,87,80.92,9.33
175,Lazaro Cardenas,MX,1547415660,28.39,-105.62,5,41,69.8,9.17
176,Calvia,ES,1547415000,39.57,2.51,0,71,51.8,3.36
177,Ust-Kuyga,RU,1547417823,70.0,135.55,44,69,-36.08,4.07
178,Almaznyy,RU,1547415000,48.03,40.04,75,85,23.0,2.24
179,Potiskum,NG,1547417823,11.71,11.08,0,25,69.72,10.89
180,Noshiro,JP,1547416800,40.21,140.05,75,85,24.8,3.36
181,Xuddur,SO,1547417696,4.12,43.89,0,55,69.13,8.21
182,Saldanha,PT,1547417762,41.42,-6.55,0,84,26.11,2.73
183,Offa,NG,1547417824,7.97,4.32,64,60,80.92,6.31
184,Coquimbo,CL,1547416800,-29.95,-71.34,20,64,68.0,11.41
185,Saint-Francois,FR,1547415000,46.42,3.91,90,81,48.2,12.75
186,Tete,MZ,1547416800,-16.16,33.59,75,83,82.4,4.74
187,Agadir,MA,1547415000,30.42,-9.58,0,82,55.4,8.05
188,Totma,RU,1547417825,59.98,42.76,88,89,21.07,11.45
189,Cherskiy,RU,1547417503,68.75,161.3,20,48,-29.24,2.62
190,Touros,BR,1547416800,-5.2,-35.46,40,78,82.4,9.17
191,Sortland,NO,1547416200,68.69,15.42,0,92,19.4,8.05
192,Maloy,ID,1547417825,1.0,118.1,48,88,76.15,1.83
193,Pevek,RU,1547417570,69.7,170.27,0,99,-29.96,3.4
194,New Norfolk,AU,1547415000,-42.78,147.06,0,55,66.2,5.82
195,Pogranichnyy,RU,1547417826,44.41,131.38,88,73,10.09,2.39
196,Hovd,NO,1547416200,63.83,10.7,75,92,32.0,26.4
197,Hay River,CA,1547413200,60.82,-115.79,75,68,-16.61,3.74
198,Alihe,CN,1547417826,50.57,123.73,64,64,-9.49,2.62
199,Khor,RU,1547417827,47.88,134.96,76,84,-5.21,3.96
200,Ulaangom,MN,1547417613,49.98,92.07,0,26,-21.5,2.17
201,Vila Velha,BR,1547416800,-3.71,-38.6,75,88,80.6,4.7
202,San Patricio,PY,1547417739,-26.98,-56.83,56,83,85.51,2.51
203,Nishihara,JP,1547416800,35.74,139.53,1,77,39.2,4.74
204,Bambanglipuro,ID,1547417610,-7.95,110.28,92,86,75.7,2.73
205,Hun,BE,1547416200,50.34,4.87,75,81,46.4,10.29
206,Chokurdakh,RU,1547417710,70.62,147.9,24,42,-26.81,1.72
207,Trairi,BR,1547417739,-3.28,-39.27,8,100,79.48,5.86
208,Sanlucar de Barrameda,ES,1547415000,36.78,-6.35,0,75,50.0,1.12
209,Westport,IE,1547417733,53.8,-9.52,56,92,46.72,16.82
210,Burnie,AU,1547417828,-41.05,145.91,100,96,64.27,20.74
211,Panaba,MX,1547417828,21.28,-88.27,80,50,83.89,5.64
212,Aykhal,RU,1547417748,65.95,111.51,0,0,-49.49,2.73
213,Isangel,VU,1547417727,-19.55,169.27,44,100,78.94,5.64
214,San Andres,PH,1547417828,13.32,122.68,20,100,78.99,16.37
215,Kudat,MY,1547413200,6.89,116.84,75,88,78.8,4.7
216,Plettenberg Bay,ZA,1547417829,-34.05,23.37,64,100,67.02,8.88
217,College,US,1547416680,64.86,-147.8,1,77,-5.98,2.95
218,Lashio,MM,1547417829,22.93,97.75,0,85,48.75,0.16
219,Santa Vitoria do Palmar,BR,1547417829,-33.52,-53.37,92,100,71.29,13.24
220,Tyrma,RU,1547417829,50.04,132.17,68,64,-9.17,2.39
221,Buala,SB,1547417830,-8.15,159.59,64,87,82.99,8.88
222,Nouakchott,MR,1547415000,18.08,-15.98,0,9,69.8,8.05
223,Kirakira,SB,1547417730,-10.46,161.92,68,100,81.64,4.52
224,Atambua,ID,1547417773,-9.11,124.89,92,100,75.97,3.4
225,Tuktoyaktuk,CA,1547413200,69.44,-133.03,40,74,-25.61,14.99
226,Lata,IN,1547417784,30.78,78.62,0,98,23.82,2.62
227,Sepuka,TZ,1547417830,-4.75,34.53,56,100,58.6,3.96
228,San Jeronimo,PE,1547417831,-13.65,-73.37,76,64,56.04,2.28
229,Jilin,CN,1547417831,43.84,126.54,64,74,13.6,4.18
230,Along,IN,1547417831,28.17,94.8,0,51,46.77,2.39
231,Sal Rei,CV,1547413200,16.18,-22.92,40,77,69.8,9.17
232,Kavieng,PG,1547417709,-2.57,150.8,48,100,83.44,12.24
233,Kununurra,AU,1547415000,-15.77,128.74,20,88,77.0,2.84
234,Khorixas,NA,1547417832,-20.37,14.96,0,46,65.44,6.98
235,Whitehorse,CA,1547413200,60.72,-135.06,20,84,1.4,9.17
236,Salalah,OM,1547416200,17.01,54.1,20,73,71.6,2.24
237,Keti Bandar,PK,1547417832,24.14,67.45,0,100,65.26,24.54
238,San Francisco,US,1547416560,37.78,-122.42,75,64,62.6,6.93
239,Rome,IT,1547416200,41.89,12.48,40,87,42.8,4.7
240,Geraldton,CA,1547415780,49.72,-86.95,90,86,26.6,16.11
241,Burns Lake,CA,1547417835,54.23,-125.76,76,97,27.82,2.73
242,Tabou,CI,1547417835,4.42,-7.36,0,99,83.08,7.87
243,Pangnirtung,CA,1547413200,66.15,-65.72,90,75,-18.41,3.36
244,Yermakovskoye,RU,1547417835,53.28,92.4,0,53,-18.53,1.39
245,Tolyatti,RU,1547415000,53.52,49.41,0,85,12.2,6.71
246,Northam,GB,1547414400,51.04,-4.21,40,81,50.0,17.22
247,Barahona,DO,1547416800,18.21,-71.1,20,54,84.2,18.34
248,Poum,MK,1547417567,41.28,20.71,20,84,15.58,1.95
249,Ilulissat,GL,1547416200,69.22,-51.1,0,64,-0.41,10.29
250,Sao Filipe,CV,1547417509,14.9,-24.5,20,96,72.6,12.68
251,Astana,KZ,1547416800,51.13,71.43,0,85,14.0,13.42
252,Maltahohe,NA,1547417837,-24.83,16.98,0,23,70.8,10.45
253,Totness,US,1547416560,33.74,-80.8,90,87,44.96,4.7
254,Portobelo,PA,1547416800,9.55,-79.65,40,55,86.0,12.75
255,Kulhudhuffushi,MV,1547417837,6.62,73.07,0,100,82.09,7.99
256,Igarka,RU,1547417838,67.47,86.57,56,75,-11.29,21.52
257,Menongue,AO,1547417744,-14.66,17.68,80,23,77.55,4.07
258,Port Lincoln,AU,1547417838,-34.72,135.86,0,96,65.53,10.0
259,Acapulco,MX,1547415900,16.86,-99.88,40,66,86.0,4.7
260,Belawan,ID,1547417838,-0.59,114.46,88,98,75.3,1.5
261,Laredo,US,1547416560,27.51,-99.51,1,39,65.66,6.93
262,Mirabad,IR,1547417839,28.27,61.33,0,70,29.62,2.62
263,Villamontes,BO,1547417839,-21.26,-63.47,88,63,82.45,6.98
264,Nikolayevsk-na-amure,RU,1547417839,53.14,140.72,8,66,-8.81,4.18
265,Kruisfontein,ZA,1547417737,-34.0,24.73,92,89,67.06,10.22
266,Lewiston,US,1547416380,46.42,-117.02,1,59,37.94,3.51
267,Cap Malheureux,MU,1547416800,-19.98,57.61,40,78,78.8,11.41
268,Shemonaikha,KZ,1547417839,50.63,81.92,0,48,-8.59,2.73
269,Langsa,ID,1547417840,4.47,97.97,36,92,65.49,2.17
270,Qasigiannguit,GL,1547416200,68.82,-51.19,0,64,-0.41,10.29
271,Humen,CN,1547415000,22.82,113.67,40,88,66.2,12.75
272,Boende,CD,1547417840,-0.28,20.88,76,100,71.83,2.73
273,Tsabong,BW,1547417800,-26.02,22.4,0,19,77.14,11.01
274,Kenora,CA,1547416560,49.76,-94.48,90,85,24.8,13.87
275,Turan,RU,1547417841,52.15,93.92,0,36,-26.41,2.17
276,Ponta Delgada,PT,1547415000,37.73,-25.67,20,77,59.0,8.05
277,Novyy Rogachik,RU,1547415000,48.68,44.06,48,92,14.0,8.95
278,Pueblo Nuevo,MX,1547417842,23.99,-106.96,0,31,85.29,4.74
279,Shiraz,IR,1547416800,29.61,52.54,75,31,50.0,2.17
280,Butaritari,KI,1547417436,3.07,172.79,68,100,82.36,15.82
281,Dalbandin,PK,1547417605,28.9,64.41,0,76,37.95,4.74
282,Kilindoni,TZ,1547417843,-7.91,39.67,92,99,83.8,12.68
283,Lahij,YE,1547417843,13.06,44.88,0,95,59.64,3.18
284,Mingyue,CN,1547417843,43.11,128.91,48,54,6.04,3.4
285,Clinton,US,1547416560,41.84,-90.19,75,78,32.0,4.7
286,Bagotville,AU,1547413200,-28.98,153.42,40,78,75.2,6.93
287,Kumertau,RU,1547417844,52.77,55.78,80,92,18.28,4.52
288,Vanimo,PG,1547417770,-2.67,141.3,88,100,82.14,16.49
289,Mizur,RU,1547417844,42.85,44.06,20,73,6.4,1.16
290,Bundaberg,AU,1547413200,-24.87,152.35,76,69,77.0,11.41
291,Faya,SA,1547416800,18.39,42.45,0,44,59.0,6.93
292,Gaziantep,TR,1547416200,37.06,37.38,75,96,39.2,4.7
293,Muskogee,US,1547416500,35.75,-95.37,90,85,37.4,6.93
294,Chuncheng,CN,1547417845,22.17,111.79,64,100,58.96,2.17
295,Spencer,US,1547416560,43.14,-95.14,1,64,37.04,8.05
296,Airai,TL,1547417785,-8.93,125.41,48,89,69.54,1.5
297,Ebersbach,DE,1547416200,47.95,9.58,92,87,46.4,25.28
298,Belaya Gora,RU,1547417698,68.54,146.19,68,68,-22.76,9.78
299,Villa Rica,PE,1547417846,-10.74,-75.27,12,83,73.54,1.16
300,Constitucion,MX,1547415600,23.99,-104.67,5,13,69.8,18.34
301,Port Augusta,AU,1547413200,-32.49,137.76,0,88,68.0,6.93
302,Terrace,CA,1547414160,54.52,-128.61,90,100,33.8,2.24
303,Maumere,ID,1547417847,-8.63,122.22,44,100,81.24,3.18
304,Scituate,US,1547416560,41.79,-71.61,1,64,28.94,5.82
305,Ouango,CD,1547417847,4.31,22.55,68,69,82.36,2.39
306,Lakshettipet,IN,1547417847,18.89,79.21,0,88,62.92,3.18
307,Santiago del Estero,AR,1547417605,-27.8,-64.26,92,88,77.5,6.98
308,Vila Franca do Campo,PT,1547415000,37.72,-25.43,20,77,59.0,8.05
309,Karanpura,IN,1547417848,29.1,75.09,0,89,48.7,8.43
310,Sioux Lookout,CA,1547413800,50.1,-91.92,90,85,24.8,9.17
311,Hobyo,SO,1547417848,5.35,48.53,80,85,74.98,15.26
312,Yuli,NG,1547417848,10.52,9.86,8,26,69.49,8.99
313,Antofagasta,CL,1547416800,-23.65,-70.4,40,68,68.0,17.22
314,Petropavlovsk-Kamchatskiy,RU,1547415000,53.05,158.65,20,77,5.0,11.18
315,Aguimes,ES,1547415000,27.91,-15.45,0,27,62.6,1.12
316,Laibin,CN,1547417849,23.74,109.23,92,100,49.6,6.2
317,Tayturka,RU,1547417849,52.87,103.46,0,62,-13.76,2.95
318,La Ronge,CA,1547413200,55.1,-105.3,90,92,17.6,4.7
319,Burgeo,CA,1547417849,47.61,-57.61,32,100,29.8,23.09
320,Biharamulo,TZ,1547417849,-2.64,31.31,64,87,64.5,2.62
321,Panjab,AF,1547417850,34.38,67.02,0,36,-17.54,1.16
322,Gachala,CO,1547416800,4.69,-73.52,40,67,60.8,9.17
323,Gladstone,AU,1547415000,-23.84,151.26,68,65,78.8,12.75
324,Port Hedland,AU,1547415000,-20.31,118.58,75,83,84.2,23.04
325,Mubende,UG,1547417850,0.56,31.4,0,54,63.64,3.18
326,Bandarbeyla,SO,1547417575,9.49,50.81,0,100,76.02,14.7
327,Ketchikan,US,1547416560,55.34,-131.65,90,96,48.92,23.04
328,Berezniki,RU,1547417851,59.41,56.8,76,84,16.57,11.56
329,Port Moresby,PG,1547416800,-9.47,147.16,40,83,80.6,6.93
330,Inhambane,MZ,1547417851,-23.87,35.38,8,97,80.74,8.43
331,La Romana,DO,1547416800,18.43,-68.97,40,74,80.6,9.17
332,Ostersund,SE,1547416200,63.18,14.64,0,79,21.2,17.22
333,Mitchell,US,1547416380,43.71,-98.03,90,72,33.98,11.41
334,Ghanzi,BW,1547417852,-21.7,21.65,36,61,77.37,4.07
335,High Level,CA,1547416800,58.52,-117.13,90,84,3.2,3.36
336,Morehead,US,1547417700,38.18,-83.43,90,100,35.96,5.82
337,Clyde River,CA,1547414880,70.47,-68.59,75,66,-31.01,5.82
338,Porto Novo,BR,1547416800,-23.68,-45.44,75,88,73.4,4.7
339,Buga,CO,1547416800,3.9,-76.3,75,57,80.6,11.41
340,Christchurch,NZ,1547416800,-43.53,172.64,92,93,53.6,14.99
341,Seymchan,RU,1547417853,62.93,152.39,68,66,-15.29,8.43
342,Bridlington,GB,1547416200,54.08,-0.19,48,65,46.4,16.11
343,Novikovo,UA,1547417854,45.05,34.56,68,100,27.24,3.62
344,Alofi,NU,1547416800,-19.06,-169.92,0,66,86.0,11.41
345,Laguna,MX,1547415660,27.52,-110.01,5,22,78.8,5.82
346,Horadiz,AZ,1547416800,39.45,47.33,0,70,44.6,4.7
347,Polunochnoye,RU,1547417788,60.87,60.43,68,79,15.13,8.21
348,Kapit,MY,1547417854,2.02,112.94,92,98,69.9,2.28
349,Deputatskiy,RU,1547417745,69.3,139.9,48,45,-29.15,3.18
350,Umm Lajj,SA,1547417855,25.02,37.27,48,99,66.88,15.03
351,Los Llanos de Aridane,ES,1547415000,28.66,-17.92,20,17,66.2,4.7
352,Ovalle,CL,1547417855,-30.6,-71.2,0,76,71.65,3.74
353,Klaksvik,FO,1547416200,62.23,-6.59,20,80,30.2,18.34
354,Pitanga,BR,1547417856,-24.76,-51.76,44,71,81.69,2.06
355,Matagami,NG,1547417780,9.67,8.4,8,70,68.19,2.17
356,Joshimath,IN,1547417856,30.57,79.57,0,98,-5.48,0.38
357,Bell Ville,AR,1547417856,-32.63,-62.69,92,91,75.07,10.0
358,Marechal Deodoro,BR,1547416800,-9.71,-35.9,40,83,77.0,10.29
359,Oksfjord,NO,1547416200,70.24,22.35,0,78,28.4,10.29
360,Nouadhibou,MR,1547413200,20.93,-17.03,0,39,66.2,3.36
361,Coahuayana,MX,1547417857,18.62,-100.35,44,56,77.1,2.73
362,Gizo,IL,1547416200,31.8,34.94,75,66,59.0,12.75
363,Hamilton,BM,1547412900,32.3,-64.78,75,68,64.4,6.93
364,Gravelbourg,CA,1547417858,49.88,-106.56,8,97,37.05,4.41
365,Awbari,LY,1547417697,26.59,12.77,0,77,30.75,3.96
366,Severo-Kurilsk,RU,1547417858,50.68,156.12,88,100,26.52,3.74
367,Fountain Hills,US,1547416440,33.61,-111.72,75,53,62.06,4.7
368,Sao Gabriel da Cachoeira,BR,1547413200,-0.13,-67.09,40,78,82.4,6.93
369,Havoysund,NO,1547416200,71.0,24.66,75,86,26.6,2.24
370,Dourbali,TD,1547417859,11.81,15.86,8,29,71.83,12.01
371,Etla,MX,1547415960,17.21,-96.8,40,27,75.2,6.93
372,Maragogi,BR,1547417859,-9.01,-35.22,24,80,80.47,8.1
373,Tarabha,IN,1547417859,20.73,83.65,0,82,54.69,2.62
374,Nome,US,1547416500,30.04,-94.42,1,45,57.92,11.41
375,Fougeres,FR,1547415000,48.35,-1.2,90,87,50.0,14.99
376,Neubrandenburg,DE,1547417640,53.56,13.26,92,95,41.14,23.76
377,Karratha,AU,1547417746,-20.74,116.85,20,66,81.87,7.31
378,Dubbo,AU,1547415000,-32.25,148.6,56,61,77.0,14.99
379,Brigham City,US,1547416680,41.51,-112.02,90,71,30.38,0.94
380,Nizwa,OM,1547417860,22.93,57.53,8,79,53.52,2.73
381,Kalat,PK,1547417860,29.03,66.58,0,61,16.39,1.61
382,Vestmanna,FO,1547416200,62.16,-7.17,20,80,30.2,18.34
383,Nsanje,MZ,1547417861,-16.92,35.26,44,74,77.86,4.07
384,Warrnambool,AU,1547417838,-38.38,142.48,0,92,64.45,4.63
385,Ugoofaaru,MV,1547417733,5.67,73.0,48,100,82.09,11.79
386,Barra do Garcas,BR,1547417861,-15.89,-52.26,8,55,89.02,5.19
387,Zlobin,HR,1547415000,45.29,14.65,75,75,44.6,5.82
388,Antananarivo,MG,1547416800,-18.91,47.53,40,83,69.8,4.7
389,Longyearbyen,NO,1547416200,78.22,15.63,20,61,14.0,21.92
390,Jalu,LY,1547417862,29.03,21.55,32,74,48.12,6.2
391,Ust-Nera,RU,1547417774,64.57,143.24,24,0,-51.29,0.72
392,Ville-Marie,CA,1547413200,47.33,-79.44,1,77,-2.21,3.36
393,Dembi Dolo,ET,1547417863,8.53,34.8,8,74,59.82,2.06
394,Kudahuvadhoo,MV,1547417863,2.67,72.89,64,100,80.52,13.13
395,Freeport,BS,1547416800,26.54,-78.7,20,83,75.2,9.17
396,Kutum,SD,1547417760,14.2,24.66,8,36,55.77,7.54
397,Marystown,CA,1547417863,47.17,-55.16,44,96,29.17,20.07
398,Mackay,CA,1547413200,53.65,-115.58,20,80,32.0,4.7
399,Tselinnoye,UA,1547417864,45.9,34.18,36,100,30.12,10.0
400,Pitea,SE,1547416200,65.32,21.48,90,100,26.6,9.17
401,Sangar,RU,1547417864,63.92,127.47,36,53,-31.4,2.73
402,Bubaque,GW,1547417759,11.28,-15.83,0,89,82.95,7.2
403,Barra Patuca,HN,1547417865,15.8,-84.28,80,86,81.01,10.45
404,Srednekolymsk,RU,1547417865,67.46,153.71,56,37,-24.29,5.3
405,Crixas,BR,1547417865,-14.55,-49.97,8,70,85.33,3.18
406,Weatherford,US,1547416500,32.76,-97.8,90,69,41.0,8.05
407,Lasa,CY,1547415000,34.92,32.53,40,87,50.0,5.82
408,Renfrew,GB,1547416200,55.88,-4.39,40,75,46.4,14.99
409,Udachnyy,RU,1547417866,66.42,112.4,0,0,-49.54,2.39
410,Vestmannaeyjar,IS,1547417773,63.44,-20.27,12,100,25.93,2.95
411,Vuktyl,RU,1547417866,63.86,57.31,76,76,14.37,7.99
412,Vitim,RU,1547417866,59.44,112.57,44,43,-14.44,7.2
413,Spartanburg,US,1547417700,34.95,-81.93,90,93,41.0,5.75
414,Ranau,MY,1547415000,5.95,116.67,75,88,77.0,5.82
415,Chitral,PK,1547417867,35.85,71.79,0,58,-15.11,0.94
416,Tuatapere,NZ,1547417537,-46.13,167.69,88,100,53.07,8.77
417,Sorland,NO,1547414400,67.67,12.69,20,92,17.6,4.7
418,Ahipara,NZ,1547417608,-35.17,173.16,88,88,68.55,18.84
419,Luderitz,NA,1547417752,-26.65,15.16,20,89,63.28,12.91
420,Waingapu,ID,1547417868,-9.65,120.26,64,100,73.18,3.51
421,Kondoa,TZ,1547417868,-4.91,35.78,36,63,70.35,7.76
422,Revda,RU,1547417868,67.94,34.55,68,81,8.79,2.39
423,Stralsund,DE,1547414700,54.31,13.08,75,81,42.8,31.09
424,Vostok,RU,1547417715,46.45,135.83,8,53,-11.47,2.06
425,Vysokogornyy,RU,1547417868,50.1,139.13,0,29,-21.14,2.28
426,Maku,IR,1547417869,39.29,44.45,24,84,21.12,4.74
427,Camopi,GF,1547417869,3.17,-52.33,76,84,78.49,2.39
428,Anloga,GH,1547413200,5.79,0.9,20,83,84.2,11.41
429,Gazanjyk,TM,1547417869,39.24,55.52,92,65,40.2,3.18
430,Ancud,CL,1547416800,-41.87,-73.83,0,55,62.6,8.05
431,Worgl,AT,1547416200,47.48,12.07,75,100,33.8,3.36
432,Staunton,US,1547416500,38.15,-79.07,90,89,30.92,8.05
433,Yukon,US,1547416500,35.51,-97.76,90,91,35.06,6.93
434,Yumen,CN,1547417870,40.29,97.04,76,70,5.64,7.31
435,Requena,ES,1547415000,39.49,-1.1,0,75,42.8,3.36
436,Kloulklubed,PW,1547416200,7.04,134.26,75,83,78.8,8.05
437,Katherine,AU,1547415000,-14.47,132.26,56,88,77.0,5.82
438,Ambilobe,MG,1547417871,-13.19,49.05,8,92,70.03,2.73
439,Tupik,RU,1547417871,54.43,119.94,56,83,-15.2,2.62
440,Berlevag,NO,1547416200,70.86,29.09,90,100,28.4,2.24
441,Batemans Bay,AU,1547417872,-35.71,150.18,80,100,67.51,2.17
442,Saurimo,AO,1547417872,-9.66,20.4,88,85,70.84,4.18
443,Zabid,YE,1547417872,14.2,44.5,0,71,35.52,2.39
444,Camacha,PT,1547415000,33.08,-16.33,20,77,64.4,14.99
445,Salinas,US,1547416800,36.67,-121.66,1,57,62.6,6.93
446,Moron,VE,1547417873,10.49,-68.2,8,55,78.99,5.75
447,Lavrentiya,RU,1547417873,65.58,-170.99,68,100,-4.22,30.8
448,Praia,BR,1547413200,-20.25,-43.81,40,48,82.4,11.41
449,Bosaso,SO,1547417644,11.28,49.18,0,100,75.07,7.2
450,Banda Aceh,ID,1547417746,5.56,95.32,76,100,73.32,2.73
451,Raudeberg,NO,1547416200,61.99,5.14,90,86,28.4,36.91
452,Kandrian,PG,1547417874,-6.21,149.55,36,100,75.43,2.73
453,Hofn,IS,1547417739,64.25,-15.21,80,100,26.79,7.87
454,Pompeu,BR,1547413200,-21.05,-48.85,40,33,89.6,3.36
455,Brewster,US,1547416560,41.76,-70.08,90,68,30.02,6.93
456,Rio Gallegos,AR,1547416800,-51.62,-69.22,0,31,60.8,25.28
457,Lima,PE,1547416800,-12.06,-77.04,75,78,75.2,13.87
458,Abu Zabad,SD,1547417759,12.35,29.25,8,39,70.66,11.45
459,Port Hardy,CA,1547413200,50.7,-127.42,75,81,50.0,6.93
460,Amahai,ID,1547417779,-3.31,129.0,0,100,82.9,10.0
461,Abnub,EG,1547413200,27.27,31.15,0,61,50.0,17.22
462,Chumikan,RU,1547417472,54.72,135.31,0,44,-14.62,3.18
463,Sinnamary,GF,1547417640,5.38,-52.96,100,95,79.21,8.1
464,Portland,US,1547416380,45.52,-122.67,20,44,53.96,18.34
465,Zhaotong,CN,1547417876,27.34,103.71,80,100,26.38,2.51
466,Port Pirie,AU,1547413200,-33.18,138.01,0,88,68.0,6.93
467,Homer,US,1547416380,59.64,-151.54,90,82,39.02,6.93
468,Saint Anthony,US,1547416560,43.97,-111.68,1,59,24.98,4.18
469,Provideniya,RU,1547415000,64.42,-173.23,0,64,-0.41,24.61
470,Fort Pierce,US,1547416500,27.45,-80.33,75,43,82.04,5.82
471,Batticaloa,LK,1547417877,7.71,81.69,92,100,75.88,7.54
472,Sisimiut,GL,1547417776,66.94,-53.67,8,100,-28.7,1.61
473,Guider,CM,1547417877,9.93,13.94,12,34,67.2,7.76
474,Trat,TH,1547417838,12.25,102.51,56,100,80.65,4.63
475,Chernyshevskiy,RU,1547417877,63.01,112.47,24,38,-25.24,4.97
476,Humaita,AR,1547416800,-24.93,-65.37,75,57,78.8,9.17
477,Kalmunai,LK,1547417877,7.42,81.82,100,100,72.87,4.85
478,Taltal,CL,1547417878,-25.41,-70.49,0,59,69.58,4.41
479,Damietta,EG,1547413200,31.42,31.81,92,76,53.6,18.34
480,Zhuhai,CN,1547413200,40.71,112.04,0,60,6.8,4.47
481,Sicuani,PE,1547417878,-14.27,-71.23,68,82,49.78,2.84
482,Maceio,BR,1547416800,-9.67,-35.74,40,83,77.0,10.29
483,Greeneville,US,1547416500,36.16,-82.83,90,100,42.8,5.82
484,Sovetskiy,RU,1547417879,56.76,48.47,80,89,12.61,10.78
485,North Bend,US,1547416560,43.41,-124.22,1,66,57.92,5.82
486,Namtsy,RU,1547415000,62.72,129.66,75,58,-38.21,4.47
487,Beloha,MG,1547417879,-25.17,45.06,92,95,73.14,2.95
488,Kanelovskaya,RU,1547417879,46.59,39.19,76,93,19.81,2.51
489,Bathsheba,BB,1547413200,13.22,-59.52,40,65,78.8,12.75
490,Wamba,CD,1547417880,2.14,27.99,24,58,74.89,1.95
491,Oistins,BB,1547416800,13.07,-59.53,75,65,78.8,11.41
492,Nacala,MZ,1547417880,-14.56,40.69,100,98,80.7,11.23
493,Oriximina,BR,1547417880,-1.77,-55.87,20,76,83.22,2.95
494,Kindersley,CA,1547413200,51.47,-109.16,75,74,28.4,4.7
495,Chisindia,RO,1547415000,46.29,22.1,92,100,30.2,12.75
496,Moussoro,TD,1547417881,13.64,16.49,0,27,67.47,9.78
497,North Branch,US,1547416560,45.51,-92.98,90,73,33.98,8.05
498,Chongwe,ZM,1547413200,-15.33,28.68,20,88,71.6,8.05
499,Anadyr,RU,1547415000,64.73,177.51,0,74,-23.81,11.18
500,Murdochville,CA,1547417882,48.96,-65.49,8,73,12.39,13.8
501,Casablanca,MA,1547415000,33.6,-7.62,0,100,46.4,2.24
502,Monroe,US,1547416500,41.91,-83.4,1,62,30.92,8.05
503,Maniitsoq,GL,1547417882,65.42,-52.9,20,100,7.44,5.97
504,Abu Samrah,SY,1547417712,35.3,37.18,88,95,42.09,4.18
505,Nabire,ID,1547417788,-3.36,135.5,8,96,66.52,2.06
506,Rockland,US,1547416560,42.13,-70.92,90,74,28.4,6.93
507,Predivinsk,RU,1547417884,57.07,93.44,12,47,-15.97,4.97
508,Hualmay,PE,1547417884,-11.1,-77.61,8,67,75.7,6.98
509,Sault Sainte Marie,CA,1547416560,46.49,-84.36,1,70,15.98,4.7
510,Iralaya,HN,1547413200,15.0,-83.23,40,78,80.6,8.05
511,Nushki,PK,1547417884,29.55,66.02,0,68,31.74,3.18
512,Mazagao,BR,1547416800,-0.12,-51.29,75,94,77.0,4.7
513,Walvis Bay,NA,1547413200,-22.95,14.51,68,82,66.2,6.93
514,Beringovskiy,RU,1547417732,63.05,179.32,24,90,-10.79,30.13
515,Kysyl-Syr,RU,1547417885,63.9,122.77,36,69,-23.3,3.29
516,Avera,US,1547416500,33.19,-82.53,90,82,48.2,4.7
517,Jagtial,IN,1547417886,18.8,78.92,0,88,62.92,3.18
518,Fort Nelson,CA,1547413200,58.81,-122.69,90,76,-7.61,3.36
519,Orapa,BW,1547417886,-21.28,25.37,48,78,73.14,2.62
520,Wanning,AT,1547416200,48.64,13.53,75,93,41.0,17.22
521,Sarangani,PH,1547417887,5.4,125.46,64,100,80.56,8.66
522,Bilibino,RU,1547417887,68.06,166.44,12,0,-38.78,2.39
523,Butembo,CD,1547417887,0.12,29.29,24,87,59.55,2.06
524,Kunashak,RU,1547416800,55.7,61.55,75,92,28.4,13.42
525,Sisophon,KH,1547417888,13.59,102.97,20,60,75.52,7.65
526,Pitimbu,BR,1547416800,-7.47,-34.81,0,83,78.8,9.17
527,Yining,CN,1547417888,29.04,114.56,76,96,40.29,2.62
528,Senneterre,CA,1547413200,48.39,-77.24,75,77,6.8,4.7
529,Port Blair,IN,1547413200,11.67,92.75,40,88,78.8,2.24
530,Natal,BR,1547416800,-5.81,-35.21,40,74,82.4,12.75
531,Yarmouth,GB,1547416200,50.71,-1.5,20,61,50.0,12.75
532,Puerto Madryn,AR,1547417751,-42.77,-65.04,0,57,71.47,15.26
533,Mana,RS,1547416800,43.52,20.24,90,92,28.4,1.12
534,Mansehra,PK,1547417889,34.33,73.2,0,70,18.64,2.06
535,Ouesso,CG,1547417889,1.61,16.05,32,97,73.27,2.17
536,Flagstaff,US,1547416620,35.2,-111.65,90,81,48.2,6.93
537,Rodrigues Alves,BR,1547416800,-7.74,-72.65,75,78,82.4,3.36
538,Quatre Cocos,MU,1547416800,-20.21,57.76,40,78,78.8,11.41
539,Faanui,PF,1547417728,-16.48,-151.75,80,100,82.45,15.48
540,Alpine,US,1547416500,43.07,-85.69,20,46,32.0,10.33
541,Verkhnevilyuysk,RU,1547417760,63.45,120.31,32,61,-20.96,6.42
542,Okha,RU,1547417557,53.59,142.95,12,81,1.63,9.78
